;precision;recall;f1-score;support
0;0.9329140461215933;0.7319078947368421;0.8202764976958526;608.0
1;0.7760989010989011;0.9463986599664992;0.8528301886792453;597.0
accuracy;;;0.8381742738589212;1205.0
macro avg;0.8545064736102472;0.8391532773516707;0.8365533431875489;1205.0
weighted avg;0.8552222273842097;0.8381742738589212;0.8364047578760065;1205.0